id,title,author,collection,section,sequence,date,body
tangzongzheng_poem_001,偶记,李尤台,偶记集,阳光雨露,1,2023-05,"我喜爱夏天饱满的光照
那饱满的光照有时
仿佛把我留在了
众人俱已夺门而出后
模糊的一点荡漾里。
碣石与沧海，互作着挑动。
室内伊像睡着了
单手弛软地搭在腰上
正显出均匀的起伏
我激荡空话，人久坐发麻
彼时，挨过沉闷的会议
此刻听着亘古夜雨。
它选出这个时代重要的价值
将我的生命投入它
我确实在放大着它的能量。"
tangzongzheng_poem_002,偶记,李尤台,偶记集,阳光雨露,2,2023-07,"下班时分，在闷热路途
感着一种卑鄙的压抑。
抽烟阶级失掉神气，
天空里也像粗缓地滚着
几个喉结，那很大
很模糊的压强使他吞不下
只敷衍地出气。此人
连同许多人俱被抛在转弯
驶过的车子后面，街道深绿
水泥深刻，冷空气内循环。
这么多，是哪一个？
见证我舒展在我珍贵的生活，
众人结成我庞大的傀儡。"
tangzongzheng_poem_003,偶记,李尤台,偶记集,阳光雨露,3,2023-08,"金鸡湖畔，完满的夏天
我们躺在观景椅上享受着。
世界与空气如此悠久，
一切是挥之不去奇迹的装饰。
待到有些晕软，再又坐去
完全静止的树荫下闲谈。
震撼的蝉鸣找不见任何源头。
这一种很善于隐藏自我的力量
立时遏止了 意犹未尽的感伤。
我们被这种确定的力量紧接着打发上路。"
tangzongzheng_poem_004,偶记,李尤台,偶记集,阳光雨露,4,2023-08,"公交车站的汉庭入口，
无聊赖地等候。瞬时阳光
如幻灯片般从整条街上切走。
我被这浓郁的暗夜降临了
无限动容的清晰所眩惑。"
tangzongzheng_poem_005,偶记,李尤台,偶记集,阳光雨露,5,2023-08,"雨天的公交车上，
人感着熟悉的倦意。
世界角落里，闭上眼睛
我知道，我已等不到
更好的东西。我们时代的
悲剧有什么规律？
紧张的日子将要过去。
没有痛苦，我们都在变
更无情。我猜那是你
轻微的反感，你我不同地
诉说，在延绵的抚摸下
外面的机器一直加快。"
tangzongzheng_poem_006,偶记,李尤台,偶记集,阳光雨露,6,2023-08,"走在洪水褪剩的青葱的广幕，
夏末毛孔密布的枝条，轻轻拂面。
我听见车轮旋着细微的链条声，
新生般清醒，仿佛卷入浓重盛大的冰块。"
tangzongzheng_poem_007,偶记,李尤台,偶记集,阳光雨露,7,2023-11,"晴朗的早晨，有些兴奋地
徘徊在明暗交接的站台。
阳光像一种盛况的疲劳使人
倾心，又如睡梦中的抽搐
一次次回到阴影。终于大胆地
孤立，完全低垂着，我在
阳光下恍惚而至于忏悔。
以我的身体为阻力，
世界巨大的渺茫寂静，
为了 无爱的忏悔，隔成两端。"
tangzongzheng_poem_008,偶记,李尤台,偶记集,阳光雨露,8,2023-12,"冬日午后的盛光，
投来几乎治愈的眩晕。
一点点迎着刺眼，
感受被一种力量慢慢
啮咬，时而自由，时而
僵成整块偌大的呆板。
树影仿佛穿过阵阵音乐，
你温润紧密的身体，
我念着多少殷勤的寂静。"
tangzongzheng_poem_009,偶记,李尤台,偶记集,阳光雨露,9,2023-12,"暴烈地拍打，我从外面赶回
享受席卷纵横的季节。无论酷夏
严冬，自然世界的极点，总以
一些噪音作为标志，要把意气逞够。
在黑暗里坐足时间，把心已
完全静下。午休结束了 ，有人开灯
看女同事们一个个床上醒来
放出朦胧的眼神，诡异的淡笑
再慢慢挪动了 身体，我匆忙的深深地动容。"
tangzongzheng_poem_010,偶记,李尤台,偶记集,阳光雨露,10,2024-01,"我焦虑地想要听见看见
蔓延的轰鸣与淡去
强忍又振作，把放弃沉淀在心
雨重重地落下，我在夜中
令人着迷的重力感
道路凄凉放置着多么自在的宽阔"
tangzongzheng_poem_011,偶记,李尤台,偶记集,阳光雨露,11,2024-02,"阴雨绵绵，像是一种言之不尽
走出地铁站，忽然的酥麻。
我一时在自然里鲜明了 ，聚神
支撑着，幽邃的前方与沥青路面
沉重地晃荡。旋转着许多场景
在清冷的拍击声中颠倒又黯灭去。"
tangzongzheng_poem_012,偶记,李尤台,偶记集,阳光雨露,12,2024-02,"手指麻痹，冰冷房间
要些温热感知弥补神回。
我蜷缩而慢慢感到
空洞的诧异。我停顿为无数
飘浮碎片，坠落不成。
大量静止的集萃，
浓烟迷着眼睛。剧烈地
涌上，皮肤的合拢
感染般形成，过滤最初的眩晕。"
tangzongzheng_poem_013,偶记,李尤台,偶记集,阳光雨露,13,2024-03,"没有声音，却也有毛茸茸的动静
拂得人发痒，发躁，不能安宁。
开一点窗，清冷逼促着颤抖与乏味
经过的人影往后折进拐角，
涌起朦胧层累的密集。有些事
迟迟地泛出，蒸发着苦咸的颗粒。
人总在某时走向古老的浪潮，
它攥住我们，投入无际
脚下嵌立起纷乱湿冷的碎片。
我必须剥离了 此刻的美而存在
弥漫的折旧，真实的栏杆。"
tangzongzheng_poem_014,偶记,李尤台,偶记集,阳光雨露,14,2024-03,"下班时，起风了 ，天阴沉
放弃去游泳的想法，
在床上看一部高考的纪录片。
一会儿看得流泪，
一会儿仿佛已昏迷，
忽然雨声大起来，而春雷
并不如料想中那样来。
茫然间迟缓地确认
我所在的时间与角落。
一切只是均匀声音，
生命被雨水困 锁在雨水中的声音。"
tangzongzheng_poem_015,偶记,李尤台,偶记集,异性阑珊,1,2022-01,"常是作悲苦的模样，
因为美使人发困 。
茫然地琢磨，在我的屏幕上，
你像桥洞在我身边。
温热的气味，门泊东吴
潺潺流水，呈包围圈。
戳进来一节
你指哪儿打哪儿，
我鼠标跟随，
这个数字，那里公式
一切都很清楚，
一切我转眼都会忘掉，
映在你淡黄色指甲下面。
飘飘然的戒指的光，
肉色的晕了 头的漩涡。
就这样触着，
打开，又跳开
数学般均匀，一节
驶在玻璃上的城际火车
我也整个跳上去了
伏在一节手指的肉段，
伏在一位醒转并不等于开窍的乘客。
……我欲因之，撞掉镜湖月
一下就淹没。
我忘记可以说的话，
但想起好像有种
拍一拍的接触
我曾形容是猫偷偷地
碰着它的主人。
是又想发狠，又想发软
我没来得及站起来，
门开了 已经关上。
是又在发空，又在发烧
又要发昏，又啪地开出去一公里
又从第二扇门来，
我结伴了 再顾的刘备，
看到一切梦幻。
到第三次我才抛下装睡的自己
名著中最擅放火的天才，
谈笑间，
往周瑜一分一秒“灰飞烟灭”的手心写字。"
tangzongzheng_poem_016,偶记,李尤台,偶记集,异性阑珊,2,2023-03,"人之相聚，忽然吵
忽然静，某时忽听见
外面，仿佛正落着什么
越来越薄的一层层……
在里里外外，烟雾景致
夸饰以不定的悲哀。
那一种声音，也似在雨
也似在树木里缓缓烧
渐扬起潸然泪下的空气。"
tangzongzheng_poem_017,偶记,李尤台,偶记集,异性阑珊,3,2023-06,"屡屡长长地醒着
打破恍惚，动起来
永远这楼下快风，
幸福的枯槁冰清划过眼。
在我屏幕的时间线与推荐
那些短视频，五湖四海
世界是，其花样百出的恐怖
工位上我闲刷着无穷暴徒。
伊在这里东倒西歪地
傻笑，接电话，
淡然存在。伊耸动着屁股
有什么美，原本毕露。
贪看得也有些不好意思了
乏看得人也看不下去。
每日在支付宝手指触碰的森林
伊赠我能量雨露，所有
动感的，总也可有可无。
工作与休息，期待了 英雄，
而我又是深锁的夫人，
眼里自然而然地感着痛苦。"
tangzongzheng_poem_018,偶记,李尤台,偶记集,异性阑珊,4,2023-07,"晚上刷到，伊在日本的照片
的确拍出了 有强度的甜蜜。
拍出一种从生活的巅峰而来
无往而不健全的美丽。
中国人在生活里呈现其本质的
封闭，颠倒于封闭里的摇摆
沉淀里的搅动，在循环里卡带。
这噪音的刺激亦拿不出一种分析力
说这一切如何而来又如何在。"
tangzongzheng_poem_019,偶记,李尤台,偶记集,异性阑珊,5,2023-08,"工会旅游的郊区一夜
打车去看美国电影。
屏幕离太近而使眼酸
不知所谓的剧情与形象
在荒诞感觉心安地放空着。
女士们笑，我眯眼木然
好看的软软的神色。
空调的风，些许翻动
这里混杂而疲劳的光亮。
伊在某时也凑近问我
电影里的意思，散场出来
又问我是什么感觉。
那些不知所谓的瞬间，
我全然无心，自然而沉默地反应。"
tangzongzheng_poem_020,偶记,李尤台,偶记集,异性阑珊,6,2023-08,"知你离开那天，一天最后几个钟头
好像眼光落在什么地方，都觉有
哭出来的意思。搬来搬去的，
城市森林里，无常的高楼阶梯
一幕幕上班如行云，下班如流水
时时刻刻，又汹涌些前后不接的断想
加深着呼吸，舔着嘴里的渐渐空淡
一边睡着，感觉却不完全失去
一直震撼着，缠绵又闪回的喧响
便这般我度过，那一天最后几个钟头。"
tangzongzheng_poem_021,偶记,李尤台,偶记集,异性阑珊,7,2023-09,"数字闪烁，电梯
黑暗的轨道里，于回头
匆忙来了 伊的病体。
那深刻的引力惊艳冲动
又浅水清清。点点弹性尽转作
整身的表面缜密的柔弱。
以伊的凋敝茁壮我的慰藉，
电梯粗糙地张开远远地合愈。"
tangzongzheng_poem_022,偶记,李尤台,偶记集,异性阑珊,8,2024-02,"其乐融融的喧嚣
已在进行着。我默念
爱之深，乏之切
此刻肉感的斑斓鸣响
彼此热烈的浸泡，只有我
是诉说者。在她们各自光彩
交汇下，感受昏热而安心
我不担心失去，也不指望得到。"
tangzongzheng_poem_023,偶记,李尤台,偶记集,异性阑珊,9,2024-03,"全局大会，伊借过离席，我于
划动屏幕时，粘了 伊的一根头发
捏着，在摊开的笔记本上抹弄推移
遗去的残留点点入迷。忽从别处
再回想到它，入迷与物质已相互失散
很快再有眩晕的糜烂，投下
历史摇晃的阴影，虚无地注目
不可见的阴影，何去何往，晨气
在手掌跳动水珠，颠沛流离地复制。"
tangzongzheng_poem_024,偶记,李尤台,偶记集,异性阑珊,10,2024-03,"顶着酸劳赴会，与室友在门口
正撞上，他有些匆忙地笑着。
电梯下去，大堂里侯立一位美女
全身雪白到底。我看两眼，
绕去外面再有些荒谬地回头打量
太美了 ，真的很美，我想室友在临时
要拿些什么东西下来，我可以
离得稍远以验证是否他们是一起的
或者她在等别的人，我想等看看。
时间在肢体关节淤积痛和死亡
她捧着手机轻轻拨动的流逝。
外面渐起一种雨打风吹去的僵硬，
也没有什么好要苦吟，总还是快些离去。"
tangzongzheng_poem_025,偶记,李尤台,偶记集,异性阑珊,11,2024-03,"和伊在电梯里，发现她真的很好
看到她就很自然地碰她直到她离开。"
tangzongzheng_poem_026,偶记,李尤台,偶记集,异性阑珊,12,2024-03,"工作日下午的影院，
我们几乎是包场。
在最宽敞的一排正中，
自由地坐直与陷下。
没有人打扰，没有人被打扰
后面一共只坐着一位
single lady，两个幼稚少年
随意地，被音效震动肢体
或是忘我地斜靠过来谈情节。
伊的话语散着爆米花清甜。
所以，我在坐直、陷下
斜靠与听闻间被反复拉动着。
（人便是靠记忆与价值观
不断真实地拉动，或是
很无赖地缠住了 眼睁睁的空无。）
我在稍有不适或不敢时
即转去另一方向，这个最好的
空间里没有任何一种拒绝。
即便她什么都不拒绝，
我也什么都不得到。"
tangzongzheng_poem_027,偶记,李尤台,偶记集,异性阑珊,13,2024-05,"起风短暂，从迫近屋顶的地方
收回风筝线，再放开出一些距离
解决这里的缠绕，再去那里
草坪上躺会儿。身体从来是不平
它发出地铁车厢连接处的噪音，
当它奇怪地扭动，需要一个枕头，
而伊如天堂般抬升，垫高了 我。
我骄傲又空洞，风声光滑得发烫。"
tangzongzheng_poem_028,偶记,李尤台,偶记集,异性阑珊,14,2024-05,"生命在热流中脱离，像习惯一样
失掉不安的光彩。沙上的鹅卵石啊，
没完没了 的大同小异，每层皮肤
在自己下面落雨晕开并且着色。
弄日鹅黄，漫无目的，直到风凉需要躲避
属于寂寞者的小动作在风中充满树叶。
幸福消耗着能量为之泪眼滢滢。"
tangzongzheng_poem_029,偶记,李尤台,偶记集,感时孕,1,2022-02,"二月的最后一天，
请保佑这一天。
唔唔，无论如何，
保佑这一天。
不晓得哪一天你要走，
奴家只有以泪洗面。"
tangzongzheng_poem_030,偶记,李尤台,偶记集,感时孕,2,2022-03,"你走来走去又坐下，
我向你汇报你像很吃惊。
这都是我的幻象。
我怎么忽然在你身后，
你摘耳机回答几句，
我又提了 什么蠢问题。
这都是我的幻觉。
1959 年 8 月 1 日，林彪
飞临庐山他说中国
只有毛主席是大英雄，
谁也不要想当英雄！
我为之微笑赞叹的几分钟以前，
毛将腿抬起，手指搔了 几下
鞋面：”隔靴搔痒。”
——朱德没有击中要害。
此人对彭德怀的信的看法
“无动于衷，不懂世事，麻木。”
千里之外的恐怖使朱德
与我的脸共一红，
痛苦得不能再说话。
老帅企图从会议室出去
放松一下，他遭到麻痹刺痛！
那来自门把手上
神秘电流的惩罚一瞬。
惩罚而不是阻止，固非修正
他仍然出门去，阴阳割着昏晓
幽默与恐怖齐头并进
惩罚我们在幽默与恐惧中进步。
那天，谁想推开这扇门都迷糊了 。
我回过神来，追随老师的目光。
都听不懂，话说得非常快
逝者如斯夫！我听反了 都是逆流
到我不可把握的深渊的心情。
那么多日子我不知羞耻，
我错了 点点滴滴。"
tangzongzheng_poem_031,偶记,李尤台,偶记集,感时孕,3,2023-01,"这些推来又夺去的海浪，
像隐形的男人在劳动。
那吞噬的疲倦忽然已囤积了
漫天白云，要压迫古城。"
tangzongzheng_poem_032,偶记,李尤台,偶记集,感时孕,4,2023-02,"雨中别去，目送上了 车子
我站住而觉得迷路。
意志愈软弱，时间愈轻盈
我一直过得很快。
一首古诗：
“烟波江上使人愁。”
在我的脑海，
突然降临的这一种作品里的秩序。"
tangzongzheng_poem_033,偶记,李尤台,偶记集,感时孕,5,2023-02,"想了 半夜，再梦到许多，
满头满脑昏沉着出门，
到下午忽然记起曾梦见
停断思绪以后，
天地立时清澈无比。
在寒风细雨里的确，
我已想象到，外面正吹着
世界那么坚强的清新。
昨晚读到书上说，
孕期人的嗅觉更加灵敏。
我直往楼下便去了 ，
你恰在上来，寒暄两句。
自然也有诗云“奇异的充满
又迅速关闭”，也在这类感觉
而风味里仍有一丝干苦最是美妙的。"
tangzongzheng_poem_034,偶记,李尤台,偶记集,感时孕,6,2023-02,"醒来已不早了 ，在散漫一地的
客厅里，开着暖气片，彻底安静。
我无事可想，又过了 很久。
就些凉水抹了 眼屎再回来这儿。
可以看吧，好好地能看到什么吧
世界的取舍，情感与技巧，
不存在。我不了 解的
这个人空虚的，记录里翻出
语音一个个放下去，甜美耐心
在很快的语速上温柔命令着，
再跳着点开，我也不听你说了 什么，
只乏眼在无知者无罪的这时刻。"
tangzongzheng_poem_035,偶记,李尤台,偶记集,感时孕,7,2023-05,"忽而起一种天长地久的快慰。
在楼下等伊，蓬勃大风
神鬼般掠来的云团，
迎这滔滔而下的动感，
我吞咽着荒谬的及时雨。
所有的事情在伊身上有生命
并形成伊的孩子。
我给伊注视，伊也在
我注视的衣服喧哗涌现，
我渐渐看得迟钝。"
tangzongzheng_poem_036,偶记,李尤台,偶记集,感时孕,8,2023-09,"产后三月，伊发来开学照片
我说，你苍老了 。
伊那一种老态的坚固，
斜坡像走的人多了 在脸上愈凶狠。
有时却也蓬松得很吃风的样子，
空虚的身体凝思万念，肌肉依然
微微喘息于过往温婉的经验。"
tangzongzheng_poem_037,偶记,李尤台,偶记集,感时孕,9,2023-11,"我一想起你在老去就觉得伤心。
你每出现却总是落空的时刻，
我经过你，怀着积贫积弱的冷静。
你的声音像建筑在深坑里塑型，
你带来气喘吁吁的小雪缥缈地撞击。"
tangzongzheng_poem_038,偶记,李尤台,偶记集,感时孕,10,2023-11,"我常在不经意的乏味时关灯躺下，
放一期节目。演讲人述说着
以最无助的生育的姿势，最利于
医生的观察与操作。想象自己是你
躺下变作白云，我惶恐地飘散
使不上劲，浮着热浪的额面微微塌陷。
那个人奇怪而酥麻，他嚼着辣条，
嚼着硬糖，他的手猛然穿过而使我
被激发出什么。我醒悟着多姿多彩的
一切从身体堕去，在我的盲区，那时候
我也不愿意看见什么，只把目光挂在空中。"
tangzongzheng_poem_039,偶记,李尤台,偶记集,感时孕,11,2023-12,"秋去冬来，每在电梯里瞥见
伊复工后更添了 许多青春。
生下来时皱巴巴的小孩，
想也一些些光滑有神了 吧。
便是我们在无记忆的空白里
琐碎耗费的时刻，孩子睡去醒来
脸庞变幻着。下班后我看不下
任何静止的东西，总要追随一种
变化，由那种力量的意义时时
刻刻兑现。以屏幕上灰薄的污垢，
我繁冗的触摸，它发烫枯燥地运算。"
tangzongzheng_poem_040,偶记,李尤台,偶记集,感时孕,12,2023-12,"养了 小孩，夜夜要醒来几次
但是依然晨起健身，因为
不放开动作，就迷茫得没劲儿。
我说，你这便是丧失了 人的
开合度啊。云卷云舒，天上的
生动，那也是一回回稠密的针孔。"
tangzongzheng_poem_041,偶记,李尤台,偶记集,感时孕,13,2024-01,"茫然醒来，有种被搅拌的苦涩
喉中鼓起许多混沌，发酵着
我如一道细密延伸的裂纹
在不知何处溢出，无声地呼吸"
tangzongzheng_poem_042,偶记,李尤台,偶记集,感时孕,14,2024-03,"窗明几净，茶也甜蜜
放空等待着，伊矮小地出现
在路中猛拦住一位店员，
叫他指认我拍的照片位置。
走去她跟前，领她回来
将自己掷在沙发椅上
头脑与气味作怪地变软，
将人陷下去。我说，
我看见你，你很明显。
克制着厌倦与深渊，说着
伊近呈一种镂空的坚硬
我不时贴向窗外阳光流动，
过量的明朗中沉淀着脸。
追随的一侧始终褪色般消灭。"
tangzongzheng_poem_043,偶记,李尤台,偶记集,伪士嚎,1,2020-03,"每日午后在小区河边走走，
总能浮想到
一些什么。随即记下，屏幕的连击
带来四周的黑暗偶尔给我浮想
可以翩翩的力量。
排排柳树下，每日来回走走
桥是一处尽头，另座桥上
停着火车是另处尽头，相隔百米
阴影的轮廓随脚步变形
我高抬腿韧带不再从前那么硬。
走着走着，想到过我是诸侯
在这样地步有什么应该的羞涩
有个声音说，下来吧
水漂亮又凉快。水是一阵明亮的语言
从诸侯步伐间，款款的羞涩
到精确至唯一的
周公对流言的羞涩，想到我就是他
在这样年纪有什么应该的乐趣。
或是黑压压，显得络绎不绝。"
tangzongzheng_poem_044,偶记,李尤台,偶记集,伪士嚎,2,2022-06,"六月还是这么冷，
忧谗畏讥没有好处。
吾仍将出门
抱必死的决心
慢慢地去死。
世界没有危险
世界只是你们的焦虑
世界是你们在变卦
世界，以你伟大的残废
我有中国人的麻木。
鲁迅的纸烟在风中加速，
退一步有退一步的巧妙，
缩一头有缩一头的大度。"
tangzongzheng_poem_045,偶记,李尤台,偶记集,伪士嚎,3,2022-10,"你有那么恐慌，那么动摇
抛到离右派五十米远。
我有那么懵懂，那么苟存
身体在过山车上扭转。
一些尖叫永远不能排出，
而尖叫是最初的问题？
多年后我眼睛睁都难睁开，
无奈地泛起，左甩右甩，
或只有以全力抓住，此外
都尽可能空。等着身体的重量
回到我熟悉的位置，而尖叫
在惶恐滩头的说出的本能
全寄居于我被甩出的那部分
核心，那声音力量的意志来源。
我便知道惊魂未定不假，
惊肉不定更使人虚蹈，一切
过山车上的叫嚷全部是
辛弃疾的层楼，敷衍过迎面
颠倒的强风。只在重量的
感觉归位碰地以后，后怕与
压抑，回忆的费解才有
短暂的真实。秋病正在愈中，
赖此美天、美人、美国。
我没被懵住，只是毫无感情。
在途中我未免不叫了 几下，
为僭越而沮丧，为这喉咙从来不
服从于真实而永是我被推出到
人生位置的惯性的奴隶。
却想我们唯一真实的欢聚，
各种身体像石榴籽一样
紧紧地、鲜艳地欢聚一堂，必
欢聚在由你我俱不能说的一言堂。"
tangzongzheng_poem_046,偶记,李尤台,偶记集,伪士嚎,4,2023-02,"我被堵住的感觉慢慢上升，
在偶然的时刻，有盲目的力量
来焊住我的感官念出：
“执手相看泪眼，竟无语凝噎。”
多少次梦想这崩溃的古典画面中
一点点涂抹，不是手而是手的细节。
在手上注入了 全部力量。
指下颤转萌动着音乐
彼方黑暗里的点点摩挲，那非现在
不可的古典世界决定性的瞬间。
在陌生的手抵达以前，
在空虚的手挥去以后。
脸上骤然一热，激他去一个极限。
远方的庞大运转以无尽嗡鸣，
蓝色般奇怪的安心
稍微弥补今往的克制与劳形。"
tangzongzheng_poem_047,偶记,李尤台,偶记集,伪士嚎,5,2023-05,"多年以前，那时和章太炎
也在政肃路，某某鲜榨果汁店
留点什么自然而然的空白
故地重拾，林放说今日上海
春天，实有种衰颓的美感。
路口骑过两位青春女性，
其中一个运动内衣的下摆
写着 size doesn’t matter，
正面朝向着我们而来，上书
中文系，张子悦，竟吮着冰意，
轻轻一一念出了 名字与话。
林放说，oh，这学妹名字听过的，
竟是一位反五四的先锋呢，
伟大运动的总司令，你自己想
science doesn’t matter，hey new china。"
tangzongzheng_poem_048,偶记,李尤台,偶记集,伪士嚎,6,2023-07,"林放告诉我，两株枣树
是德先生与赛先生。
在鲁迅的后园的墙外，
果实被孩子打光，叶落尽
脱去初见闪闪饱满弧形
光杆默默地，刺着鬼眼天空
这奇怪而高蓝色的中国的层累。
园里俱分内外，虫子丁丁地
撞响玻璃，造美妙声音
听得书房里先生呵欠点烟，
冷笑敬奠。以一种超过了 直接
快乐的最痴迷的强度玩赏它。
外面又外面，上面再上面
哇的一声，恶的恐怖的飞跃！
哪里来的哇？有这么大的矛盾
对峙了 这么大伟力，它拿出纲领
小粉红花的梦的，被蛊惑的
鬼眼里的涌现。秋夜两株枣树，
前前后后，这声音？也就在我嘴里。"
tangzongzheng_poem_049,偶记,李尤台,偶记集,伪士嚎,7,2023-08,"时间是海绵，据说
回报在鲁迅的攥紧直到
他不能。时间是碎片，
微妙而刺激地划伤我们。
在分分秒秒，饱满的空白
他总无心地触碰着，在我们的
身体，落下点点滴滴的声音。
仿佛有荡漾，在很远很深很轻
踟蹰于，人影虚弱的灼烧里。"
tangzongzheng_poem_050,偶记,李尤台,偶记集,伪士嚎,8,2023-09,"世事难弄，未必有真的
困 扰。人但行些普通麻利，
我羡慕这样，泳池里抒发形体
享受眼前有一阵淡淡地黑。"
tangzongzheng_poem_051,偶记,李尤台,偶记集,伪士嚎,9,2023-09,"檐下水幕，叶尖急流，
十几步，下楼避世。
量中华之物力，结片刻
吾空心，心也重重如
周围，不安地忍受。"
tangzongzheng_poem_052,偶记,李尤台,偶记集,伪士嚎,10,2023-11,"正经过这里，忽然有孩子
从我身后往湖里扔石头。
我听着一首好歌，决定再
多走一会儿，独自回荡在空气。"
tangzongzheng_poem_053,偶记,李尤台,偶记集,伪士嚎,11,2024-02,"梦中我隐约脱出，
懒懒拉在窗上。
以什么样的形状
茫然着，分辨自我。
世界浑浊的呼吸
盘旋房间。大量光彩
糜烂而不施温暖。
视线无法接受，于是
静默于虚无的成人之美。"
tangzongzheng_poem_054,偶记,李尤台,偶记集,伪士嚎,12,2024-03,"她穿得很轻，直抵般轻
扶摇直上，掀开所有遮蔽的帘
阳光击穿这时空气里的无数颗粒
诚实地接受，这些颗粒相伴。
不必，也无从挥去，尘埃弥漫
其实不脏。仿如枝杈层叠的橱柜
时间流逝，骤然落下灰暗轰隆。
那美丽的衣服上巢穴深陷，
虫鸟惊起，它们抖动更具体的尘埃
一些隐身去了 更深的快感，
一些停止在被反复搬动的空敞。"
tangzongzheng_poem_055,偶记,李尤台,偶记集,伪士嚎,13,2024-03,"生活的悲壮感，有时仅仅需要
强风拂面，仅仅是在地铁上抓住
摇晃的身体行李，长久地
支撑，近乎独裁的坚韧穿越喧哗。
悲壮的本质是用力捱过虚无，
到一个早已晓得无关紧要的地步。
生命被莫名阻挡的虚无拉长，
而在其中我们真正感觉把握了 它。"
tangzongzheng_poem_056,偶记,李尤台,偶记集,伪士嚎,14,2024-03,"很称赞它破落得好，
风中剖出人形与鬼形。
为安宁尽量地腾出，
心里一动，即要崩溃，
只是迟缓地在笑。
烟囱上的一段颜色终是不休，
我又堕入到阴天的妄想里去了 。
当我一无所想，
仿佛也就一无所有。
我将在她身上学习厌倦，
并适应于与另一人的生活。"
tangzongzheng_poem_057,阳台,李尤台,爱人,急就诗,1,2019-04,"在两个年份我们出生
两家饭店有两群人在吃饭。
上海到北京的高铁和
上海到北京的飞机上
看小说。回目分割了高潮。
人啊，只要休息下来，"
tangzongzheng_poem_058,魔窗,李尤台,爱人,急就诗,2,2019-04,"我们屡次注意
并将一直注意到：
小孩子说话不要听众。
他们口齿不清
兴奋断续
我们注意到但不用管。
我们在另一面。
方法积累体系，
补偿变作素材，
活动免了崩溃。
理解的程序独自进行"
tangzongzheng_poem_059,唯一，与拥抱,李尤台,爱人,急就诗,3,2019-04,"柱子没了。柱子
不是哪里哪个小伙。
柱子就是那里
一根柱子。那里，原来在那里
的一根柱子。"
tangzongzheng_poem_060,是他，就是他,李尤台,爱人,急就诗,4,2019-04,"在外面转了一天
我们回来，累。
经过向前台美女打听
我们确认酒店
大堂的按摩椅上
起伏的拆迁办主任。
那是一个胖子，
只能辨识体型，
看不清楚他脸。
我们在太原旅游
回酒店的路很绕
外面乱糟糟的街
全是他正拆着的。
他正蠕动，规律没有意外
像那么多房子慢慢就没了
我遗憾、感伤，那么确信
他正舒服着稳重失了闪失。
没有资格闪失。
是谁舍身让他涉险到我身"
tangzongzheng_poem_061,因为不是诗,李尤台,爱人,急就诗,5,2019-04,"康德说“有两种东西我对它们的思考越是深沉和持久它们在我心灵中唤
起的惊奇和敬畏就越日新月异不断增长这就是我头上的星空和心中的道"
tangzongzheng_poem_062,羊排,李尤台,爱人,急就诗,6,2019-04,"杭州女子报警称被强奸
“我在他家，待会儿再说。”
杭州女子再次打来电话
“我在美食街，被打了耳光。”
警察赶到男女欢笑警察说我不懂。
“杭州女子你有什么好笑？”
该杭州女子，使用聊天软件约炮
并约好：完事后去吃羊排哪知男子
借口太累说不出门了。杭州女子
于是报警面对赶来民警于是她
得解释。“该 29 岁的杭州女子”
“该 29 岁的杭州女子王某”
我看新闻气得忍不住。编辑同志，
我倒很想替该 29 岁的杭州女子王某
问一句：有什么好解释的？"
tangzongzheng_poem_063,朋友,李尤台,爱人,急就诗,7,2019-02,"满手手到擒来
觉得落寞。
但有时候会笑
抓紧为失控的笑容拨出去
给到一个联系人"
tangzongzheng_poem_064,九九八十一,李尤台,爱人,急就诗,8,2019-04,"唯物主义者改造世界。
愚公运用微积分思想
改造家人世界观进而
想改造世界但他最终
只是一个唯心主义者。
有太多人神可以争取
这厮温情脉脉那一套
而我是真唯物只一句"
tangzongzheng_poem_065,少年游,李尤台,爱人,急就诗,9,2019-05,"五月十七日卸任。
两年很辛苦
又似乎什么也没留下。
有过几次斗争，
那些人全不见了。
所有人都变老一点
有些人出国将要疏远
其实现在已经疏远。
有些人是出国已经回来
早就疏远了。
和出国、毕业、恋爱
没什么关系人和人老话题了
人，腐朽漫长的脊梁
人，长论穿插小动作
我有不聪明的话草草相劝
我们竹篮打水的果实"
tangzongzheng_poem_066,17 岁的理发师,李尤台,爱人,急就诗,10,2019-04,"女人用完了。
给我洗头的是个男的
他同时兼任
接下来给我理发但
从职业上来说
他洗头方面属于业余
他问“力道可以吗”
“水温可以吗”的声音
像一位 17 岁的处男
嫖客。而我躺在他的注视下
我不停地回答着嗯
什么都可以全身都可以这
让我感觉我是个刚"
tangzongzheng_poem_067,想去北京很久了，我活了二十年没有去过北京。5 月 7 日将独身往北京了，扑一个虚空,李尤台,爱人,急就诗,11,2019-04,"在订好去北京的火车票之后
我相继得知了两个消息
两次震惊把北京
变成了一个很残酷的地方。

为这两件事情我都
流下眼泪。得知第一个
消息时我正在图书馆回寝室
的路上，我愣住
我也很想停下来多楞一会儿
但憋尿使我走得快
我不得不，很快地爬楼梯开门
放书包撒尿玩了会儿电脑
然后睡觉。直到第二天下午
老师演算着他老在出错他打算
喝口水却找不到杯子教室里
有些动静时。那时
我两件事情已经全知道了。
我顺利地把它们混在一起流出来。
这次我不清楚，是什么令我恢复得很快。"
tangzongzheng_poem_068,4 月 27 日与鸸鹋小毛兄在诗图学诗,李尤台,爱人,急就诗,12,2019-04,"总在无人可以争取的
境遇，太多原形要现
乱遭的存在且推过去
装醉离席，解决政治
因为事情变化，天气
转热换凉渡难又劫波
脆了千军如妄想缺断"
tangzongzheng_poem_069,某将于书包里装陈先发《九章》而启程,李尤台,爱人,急就诗,13,2019-05,"明天，我将会乘地铁到上海南站
坐上开去北京的火车。
南站广场全是人，小孩子滚在下面
被行李箱撞着。无数的小孩子
被无数的行李箱撞。
行李箱装什么呢？它里面，
或许滚有一种意图：它充满了
旅行的朋友、打工的夫妻、偷情的
偷情人；混杂着抵触又依赖
的每个人各自些心思——暂时
在广场压缩着、地面上滚着
虽然都看不清，都挤在一块儿
明天。空气中的看不清
会让脸不舒服。我放松如同已到了
明天的车站——放松，如同好多浮现"
tangzongzheng_poem_070,火车在早晨到北京,李尤台,爱人,急就诗,14,2019-05,"火车过长江的时候
天已经黑了
天依然黑着的时候
火车会过黄河
那时将"
tangzongzheng_poem_071,小书记,李尤台,爱人,急就诗,15,2019-05,"小焦，你干不好这个书记
因为你是个女书记。
小彭你开不好车因为
你是个女司机。
女人从事什么生产、决策？
小彭你这个女人就该给男人们唱唱歌
你唱歌倒还不错咧......
女人的特点是什么：
啰嗦、愚蠢，又不知检点
你怎么可能教得好小孩呢因为"
tangzongzheng_poem_072,"巴尔韦德取消了\""荒唐\""这个词语",李尤台,爱人,急就诗,16,2019-05,"全国重点文物保护单位
京师女子师范学堂坐落于
北京市西城区新文化街 45 号
我走到门口它已经改名
为鲁迅中学了。收发室的门卫
不让进，门外抽着烟的保安
回头看我他的意见应该差不多。
我匆匆拍照。沿此路西行一百米
应该是 53 号的克勤郡王府也我几乎
骂出娘来：王府的墙面上赫然
红字画着一（12）班下面是一（6）班
左边是一（10）班我再往前走
我看见绿色的字样和图标。北京市
第二实验小学我心里气。走路累
我左转进入佟麟阁街这条路的
62 号应该是袁世凯的北京国会旧址
它现在是新华社的地盘了。妈的
妈的
妈的
妈的
妈的

我原路返回。时间是下午我很热口渴
屁股干走路会痛这时候我看见
一个背书包的小女孩蹦蹦跳跳上台阶
她轻轻推开了王府朱红色的大门
消失在里面。我心头一痒——
我知道即使推开那扇门我应该会被保安拦住
但至少能看两眼，来都来了
因此还能有机会与保安争辩说说话
（我一个人在北京玩，我整天走着路
听着耳机......我走上台阶。我试了两下我根本
无法推开朱红色的北京市第二实验小学大门。"
tangzongzheng_poem_073,他们迎面走过来,李尤台,爱人,急就诗,17,2019-05,"我和她并肩走着
出校门去地铁站
迎面走来一女的
我说你看见了吗
这是女人的命运
迎面走来一男的
我说你看见他吗"
tangzongzheng_poem_074,倾覆,李尤台,爱人,改良派,1,2019-01,"——过去一年城市民生问题的总结幻影
锋利又踏实的触感：
他惊讶一次慌不择路
能有这么多青草拖住脚踝。
何其如此，紧致的包容里。
草坪已用冷脆的默契
拔除了皮肤上大多数的人。
草坪和那栋大楼间横着
一条街。街道后面
孤高的台阶涌向另一个人
像任何普通人一样有普通困难。
一阵虚汗清冽地扑向他后背
而沿着汗水里往外跳跃的气泡
密密麻麻的手，向上攀搭着......
2018 年，好多人有些紧张
一个总的耐心简化了他们的声音
(他们经历的天旋地转远远
配不上他们想的那么多天旋地
转......那个正在莫名长空
整合成一道布满血丝的鸟瞰
的东西......偏废的雄心
和这被芜杂弹跳着翻洗过的街头
与草坪，与高楼，与普通人
的后背上仍经得起一次次横尸。
如哮喘的长弓其实流淌着龟缩的能量
或者倒过来。)我倾覆
和你谈天，竟昏得招架不住"
tangzongzheng_poem_075,致萧开愚……兼致他浊朽的冰，兼致王善秋、秦建东与唐亚文,李尤台,爱人,改良派,2,2019-01,"薄饼包肉我吃得
满意，抹嘴想登高。
传统题材余热
(或是饱暖的余热
像发动机顶高了我)
喘几口气，火石巨大
余热无辜波及镜片
成了湿气，我得摘口罩。
这儿预备给许多人民
的小风景就将入眼底了
可我担心拥热望来
也还是将想不出什么。
忆起金茂大厦望远镜里
滚动着鳞片的窗户
而手是波澜清晰的限制。
城墙上我也看见了
两元两分钟的望远镜
不投钱里面就是
黑的。空无一层隔绝
三个走我前面的男人依次

凑近这团漆黑摆弄两下
然后甩掉。（扫码就可以
看见了，可以奋力且小心地
旋转它......）他们就这样
离开仅此而已。望远镜
笼着那三个人的余热却使
我忽然感觉到疏远飘摇
在人群的传统之上，
环抱渺茫的周围……
我怕在这远远试探里错失
更为攸关的一个错失。
忽然，又总如这般。
他们浑身麻木与疲倦的
余热用一阵模糊压住
荡漾。"
tangzongzheng_poem_076,诗•剧,李尤台,爱人,改良派,3,2019-02,"“柴氏叶氏没错，
奉载之绿是真实的，
走红飞白是道德的，
加起来就是美学的。”（萧开愚《天鹅》）
红（一个片段）
尝试了多方面干预手段但不同
身体有其自身的兴奋区域。
身体偶尔控制我
暂缓在这儿。
从这儿，我往前的每一步都无法落下
总是有一副手掌
托住我。
我毕生奔波的泥泞始终被托举着
我负尽转折，加在一起的白驹过隙被
什么东西别扭地攥着......
似乎我难以把握
的思辨正被用于用我最大的激情割弃我现在的激情。
绿（第二个片段）
李白某次发现夜色中陷下
一些爪痕。
他于静夜长思，满月在头顶不停
他看见横在瀑布后面
错落的草坡
正窸窣地漏下那些神秘的爪痕......
他忽然着急地想从瀑布顶部涉水而去
我们知道即使对李白而言
虚无也有天才般的敏锐。它发作起来
然后轻松地遮掩掉这一个天才。
抓水波、泥泞与月纹攀岩，他指甲里
微澜着的那个月亮也维持合理的颠簸
情况每每如此恰恰那是心痛得辗转辗转出
一种把人捞出来的，浑身淌着爪子的力量
白（立场：女性）
雨水压在我肩上紫色深深
的印子是第二天早上才发现的。
他与我各有怀疑怀疑
像电视辩论一样浮光掠影却
很重要因为怀疑是感情的牵制。
他冲我大叫。崩溃然后可以要求冷静
我每次这样看着他手腕遮住了嘴唇我明白
很快烟就会从那里面缥缈出来我
不喜欢臭味。 每次迎向
那我无法捉摸的东西我只好细细敷衍过去。
女人维持身心的兔子娇嫩要轻跃也要隐辱。"
tangzongzheng_poem_077,涉,李尤台,爱人,改良派,4,2018-11,"拳头已经被切除
掉下来一些血
它们零散地
各自，攥住了什么。
现在，在它们想
接近的事物的外面
一个脑子的外面，
总是有很高的烂账率。
雾中伸来大奶子
叼着个亢奋的假娃娃。
它们之追索必栖身
于某一个脑子的里面。
多想失去这脑子
让里面叽叽喳喳的东西
全滚出来。掉在地上
又攥住，纵身在肥肉里
又少去一员虎将。
它们仍在你的外面。
泡沫里卸下的皮肤角质
高高的、枯涩的雾水
在波及周身，那些无辜者
在用快感规律性地反复
激活一纸盟约。在
兄弟的杯盏中被推换
立在这稠密的松拳之眩"
tangzongzheng_poem_078,冬季家庭问卷（两份）,李尤台,爱人,改良派,5,2019-02,"1.
现实依赖记忆的重复
变正确。反过来就不是这样
厨房她四年走进走出也没
使我有什么记忆的冲动。
......我总走神。想的是那件事情。
家庭合理的安静能让我一遍一遍想。
她一直是一种很好的性格浸润
在这样合理的安静里走进走出
使我为她有幸运而恍惚的倦了。
这得益于天真吗厨房门里面
锅子与油烟机吵叫是浪漫的混乱。
而厨房门外面安静的客厅内
的惊现的冲动难道不正像一种
娱人的科幻。我想的是那件事情。
......我还没有一种尺度作为准备
要促成破坏而歆享莫测的秩序。
是我依偎莫测的那必须僭越我的心。
2.
我踩开垃圾桶盖子，我吐橘子籽
电影在电脑里放，电脑在书桌上发热
插头把电从插座引向电脑，我踩开
垃圾桶盖子我吐橘子籽，我踩开垃圾桶盖子
吐橘子籽。/男孩朝向灰尘零星的口展开"
tangzongzheng_poem_079,阡陌,李尤台,爱人,改良派,6,2019-01,"屋子四合而外面倾斜着
身体在药香中出发。
有一种声音微茫却很深地捣进
渺渺弥漫的水气，而水气静静地刮着
一张脸。而四郊闪电坦率的俯冲
响着另一种声音——那是三月采药的后山
牡丹皮、地骨皮、苦楝皮
黄柏、厚朴、杜仲......
农民毕生从这儿拔起过的闪电霎时
是同根生而现在一团糊涂地它们熬碎在这
青灰色的砂锅里。屋子响着煎煮声
如呜咽而为什么却往往是呜咽的碎片长期占用着煤气灶"
tangzongzheng_poem_080,1962 年的屏风,李尤台,爱人,改良派,7,2019-03,"你备受煎熬地
看着一个个同类们
肌肤口子轰出一个大洞。
成行的蜿蜒的污迹
是好东西。加一个力
把好东西惊动出来。
极度阴暗与极度光明的相会
造就强大的气流中飞起来。
粗糙所以很真切的热度
带来满意如瘫痪。这禁锢里
的美未必挣脱，挣扎就可以了。
你跟着拐弯，充满失踪的大厅。
开始你轻得没有力气，后来
你重得没力气。你偶尔左右发挥。
强硬的浑浊，展览在孔雀"
tangzongzheng_poem_081,那东西,李尤台,爱人,改良派,8,2019-03,"朝闻道，下午你经提醒
发觉配得上更好的。
下午池子里跳着鱼虾，
下午拦出好多大网
扑杀倒在池面的小屋。
从下午开始小屋里的青年
就一直想要见你。
但他怕忽然的开门
惊到你，推波却乏澜
来不及一瘸一拐地偏出去......
下午人是昏的。理解能力压抑
因此绝谈不上诚实。
池阔星光鱼，一挥四百病
那东西鬼知道在发亮。
他偶尔想混淆到东西中间
曼妙地收窄偶尔想见你。
下午，东西间规律性地泛
有不相称的茫然
致使这天悬雨不决是由于
不习惯而不理解。太不协调了......
以为是错过，主要是逃过。
他想着来见你之路途皆服务于
他的乘兴，花钱陌生。
他想到那东西发亮愤而摇它
“摇醒你还亮......”不得已
牺牲了真正的东西换没用赔偿
他饱经的冰块搓落。"
tangzongzheng_poem_082,海思路 999 号,李尤台,爱人,学朽,1,2019-12,"星期天，我坐车三个半小时到华东理工大学，找我的朋友曹峤。离
开串串香店时，骨头被酒精抽走一半，但我们都乐于欠缺支撑。其实只
依赖一件确凿，我们已利用杠杆原理使兴奋荡漾得很夸张，我们要走两
公里去看奉贤的海。我记得那天风腿迈得尤其开阔，我们首先吹到海风，
然后迅速看见了海。
我所见到的海密密麻麻。或者说我根本没有看见多少水分，平展在
海平面上的风景是大块小块的泥浆，冬日午后，它们正闪耀晶莹。那些
晶莹因为泥浆足以支撑我们走进去并走得很深而如镜花水月般此刻提供
了一种预先的挫败感。
大海死寂。没有一丝“哗哗”声。波涛被清除的地方粗糙淋漓，曹
峤沿着往里面走了会儿，接着很合情合理地大叫起来。天空压下金光缓
慢地摇曳，失去浪水的摇曳为呼应，却和泥浆的折线般配，也同样是很
亮、很刺眼的一嗓子。我在岸边松垮着，不时被刺穿。有时仿佛各自破
碎彼此又唾手可得，呈现出密密麻麻的僵局稳固到随时同意逊位......
或者我可以看到更深处的海
流动着大片荡漾，而只需要一个望远镜。
我将看见那儿一大片荡漾无从压制
而荡漾压着我更深的惭愧
我远行好多地方鞋子里压不爆的泡沫......"
tangzongzheng_poem_083,永恒,李尤台,爱人,学朽,2,2017-12,"多的是不作数的邀请，抖抖衣架
我怕它长出另一张脸来。
白胖的果子悬在屋顶，
下面是脸盆。洗涤过的斑点
消退成乱糟糟的幻觉。
脏物和一些脸接次交响，
摇出发白的泡沫。接着渗到
我的后背。我活在劈啪作响的空间
万物躁动的流逝充满我，
躺不出一个惬意的姿势。
翻来覆去，像寻宝物的贼
每翻一次身就做一次主人。
我忽然有些透不过气天花板像
一个巨大的磨盘：“磨面在它的构架上转动”
照着查来的标准释义，我专心地
念。句子抚摸我，它锻炼我的
呼吸，出色的节奏像一位木匠大师。
而那些震动，紧挨在挤压的期待中
我忽然听清晰了脑中的鞭炮
从比筋斗云还要飞快的炊烟那里扑来。
那么不可能，是泥土中湿热的引线
那么无聊，我内心节省下的萤火虫。"
tangzongzheng_poem_084,豆瓣三五条,李尤台,爱人,学朽,3,2019-05,"1
我没别的想法，要么想爱你，要么想打你，爱不了你就打你，至少可以
打你，打你是件没门槛的事。
2
兄弟回来的时候，看见我正往他的黄豆汤里吐唾沫。他不敢问我这是怎
么一回事。哎呀他这个时候就在想了，刘惜君唱，“有什么熬不过”。
难的不是要熬什么，只是但凡有机会可以不熬，就又何必这样。
3
离离原上草，大哥多少嫂。你就想吧，人可以未及动心，但言毫无私心，
是不对的。动心忍性，禽兽之心可以动的，增益其所不能。忍什么性呢，
儒家就一条：人畜大防。兽交是红线。
4
魔鬼已经睡着，但她仍然活跃在很多你的地方。你在哪里呢，你我是漂
移的一代人。兴趣不坚韧，或者欲望受着什么奇奇怪怪的限制，反正是
勉强的，太好了，勉强，就可以凑活。
5
所以退而求其次，从来不会有无路可退，换一个“其次”而已。
6
我的脚趾甲越来越亮了，可这没有什么用。它是黄的，紫的，绿的，红
的，我常常把脚从鞋子里取出来，看着，把头伸到桌子下面悄悄看，我
的脚趾甲很漂亮，我把脚又送回鞋子里了。有什么事情，稍微拖一拖，
降一降，你不用太在乎，手段而已。
7
我大可以直接这么说，这些事情，我提出且你和我照做了的这些事情，
就是你所想要的，或者就是你所不愿意的，我完全没有责任。我只要做
我想做的就可以了。一个人透过很多批，可能手段相当猥琐，或者一个
人受许许多委屈，这些事情，教会他迟钝，他终于学会可以不考虑他人
感受，也不考虑自己的，只管猥琐地、迟钝地进取。我时刻愿意发出这
邀请使你难堪，我天天都想救你，不是水，就是火。
8
我不愿意白白暗涌，之中消耗热情。我要用我的平庸刺痛你。
9
腰缠万贯，番茄加蛋，刚插进去，打嗝停不下来。多少没扯烂的丝袜，
抽屉里蜷作一团，互相感染。多少未撸之管在我手，箭在弦上害我心。
多少瑕，要从瑜里面狠狠记忆出来。
10
相谈甚欢，要么欢下去，把鞋子撑大了开始空荡别扭。要么突然你很想，
东西就变小，你的脚塞不进去。
11
做决定前要安静下来，你就得撸管。一天撸两次就可以安安静静处理很
多事情，除了会挺累。你遇上事很激动很怨恨，你难受得没法撸管。这
就是男性的缺陷，他很难依靠什么道具简单地自慰成功，把精液泄出来。
他疼痛暴躁就没法撸，撸不了就更疼痛暴躁，所以要治未病，每天一有
空就撸管，做个成熟的人。现在我讲为什么做决定需要安静，为什么你
要克制住，你克制这不会让事情有什么好转，但是你不克制，你会失去
一些别的东西。
12
此刻坐立不安地赶路，似乎另一个地方有人在操我妈。我急急忙忙赶也
不是救我妈去的，我救不了她她也不要我救。我赶着只因为我坐立难安。
13
我要足够浮肿，足够不可救药，让你彻底的，也是一个多余的人。现在
我讲什么是多余，你化妆时闪亮，你卸了屌妆剩两颗棕色睾丸，可爱。
14
与其搜罗排布借助于某逻辑求证什么，不如直接扣帽子。扣完了，满世
界都是验证，验证自己来找你。这就是验证高于求证，政变强于变法。
反正变来变去，胡啊嘿呦，天增岁月人增寿。
15
我帮忙开导她，和她跑步，我们撞见很多人他们是蔡锷，我们跑病了是
袁世凯。我们随时准备安排蔡锷离开北京，去起义。一切只差袁公病好
青年胡闹家
哥哥是歌手。他欲言又止的样子
总是让人作呕。这家伙老在洗澡时
哼歌，哼着哼着就咽下去。
他写歌词，像来学校体检的医生
把压舌板狠狠地贴着，在每个
蠕动的地方观察。他就一阵阵这么
干呕，等缓过劲来才写。说是为了
纪念什么，“所有萦绕过的不值得的
无所适从的，大雁盘旋画过的
晴空与夜空间裂开的酒窝。”我可
压根不搭理这些玩意儿，要不是
他今天硬要请吃饭，我甚至不愿意
一大清早起来刮胡子。要我说
人但凡有点什么梦想定是可怕之事
我可就怕他吃着吃着讲些屁话，
然后一下子又停住，眼睛直勾勾
渗人。我收到他微信，先是
一张照片，然后大概是段感慨:
“上海南站。从这个巨大的排水管
堵塞又泄出清洁的人口，周而
复始的，永恒清洁的人口。”
我在照片里看见是七号出站口，
我跑过去。想着他这种人该怎么
应付世界，怎么和人相处照顾
身边人？远远的我看见他在风口
被摇得在破洞夹克衫里乱晃，手上
还捧着个平板。我跑过去叫他，
“操，你他妈在看什么垃圾直播？”
哥哥浑身一颤，那块屏幕上的
谢顶男人眼珠子也飞快地转了下
我搭上他肩膀，他还是那副
欲言又止的作呕样。等我走出去"
tangzongzheng_poem_085,青年胡闹家,李尤台,爱人,学朽,4,2019-04,"哥哥是歌手。他欲言又止的样子
总是让人作呕。这家伙老在洗澡时
哼歌，哼着哼着就咽下去。
他写歌词，像来学校体检的医生
把压舌板狠狠地贴着，在每个
蠕动的地方观察。他就一阵阵这么
干呕，等缓过劲来才写。说是为了
纪念什么，“所有萦绕过的不值得的
无所适从的，大雁盘旋画过的
晴空与夜空间裂开的酒窝。”我可
压根不搭理这些玩意儿，要不是
他今天硬要请吃饭，我甚至不愿意
一大清早起来刮胡子。要我说
人但凡有点什么梦想定是可怕之事
我可就怕他吃着吃着讲些屁话，
然后一下子又停住，眼睛直勾勾
渗人。我收到他微信，先是
一张照片，然后大概是段感慨:
“上海南站。从这个巨大的排水管
堵塞又泄出清洁的人口，周而
复始的，永恒清洁的人口。”
我在照片里看见是七号出站口，
我跑过去。想着他这种人该怎么
应付世界，怎么和人相处照顾
身边人？远远的我看见他在风口
被摇得在破洞夹克衫里乱晃，手上
还捧着个平板。我跑过去叫他，
“操，你他妈在看什么垃圾直播？”
哥哥浑身一颤，那块屏幕上的
谢顶男人眼珠子也飞快地转了下
我搭上他肩膀，他还是那副
欲言又止的作呕样。等我走出去"
tangzongzheng_poem_086,日记,李尤台,爱人,学朽,5,2019-02,"六年前，在众多弟弟的日记里
他与我拿砖头教训恶人。弟弟认为捕鱼
残害生灵。我们于是把砖头砸向村里渔民
他认为邻居毛毛坏，我们曾经冲进毛毛的房子
砸平他的脾气，首先砸平他的鼻梁......
弟弟十三岁，没有什么生活要记。
他就喜欢重复着写，或者因为重复简单
毛毛大概有十几次喷出鲜血
捂着脸痛苦地倒下来。而他每次认错后
总还是不忘报复：他拎起斧子，凌晨，悄悄地
砍我们家的树.....初中语文老师布置下
这份作业却很少批改。反而是我，因此经常
有了乐处。我十五岁，也没有什么生活
我现在概括当时，觉得是思想冒险
经过笔下激情，都稳稳压在纸上。挺踏实的。
我想语言有钻石的惰性。凝定闪烁
有时是砸平了时间的闪烁，法度的美。
许多年我的钻石们越出错越顽强。"
tangzongzheng_poem_087,懂得值得懂得,李尤台,爱人,学朽,6,2019-02,"读过她的诗，要么非常凄惨
要么非常无聊。她总之是写
得很差的。总勉强做些清算
浑身勉强，打身上没有轻重
承受不了比喻，一定会误解
指点上瘾，猝然的热气逼出
身体水分，额头上跳个天使
杀人镜空肚皮砰砰。我吃亏
因为已经是这样情况
纵无靶子，箭是必出不得了
是快要听见肚子裂开的万户
捣衣声了
也弹起来。月色莹空她的脸
还有多少幕艰难？不想表达
事情在时间的这一刻，结束
落叶，与落叶间保持着距离
所有剩余是萍水惦记，有情
忘形。所有分寸是落如转意"
tangzongzheng_poem_088,无题,李尤台,爱人,学朽,7,2019-02,"零点二十上床。
一点五十，吴泳泳在群里说巴黎圣母院
屋顶烧起来了。
我没点她的链接，
我不关心。我花一分钟想
这中间一个半小时
看了十几页文学史都记
得什么。
老实反思，中间一个半小时
记忆到处在实现。
怎么实现呢？就是到处走神出去
到处想到几个人、个别人、一些人。
写诗说人话就是这么说的。
根本没什么好写。"
tangzongzheng_poem_089,巴黎之心,李尤台,爱人,歪门邪道,1,2019-03,"从微信朋友圈了解到那位跑去
法国求学的哲学系女生没待
几天就迷上了烹饪。照片里红红绿绿
的炒菜炒肉提醒朋友开展注意
与反思自己牙帮是否依然带着劲道。
流线型的原始动力
保证我即时地用眼睛就可以消化屏幕
上一坨坨未降解的感觉物质的像素胶囊
为之感伤并想到
奢侈的永远是你跟它缠。
朋友她躲远却规劝强烈
生活必须分野出三两个重心"
tangzongzheng_poem_090,恬不知耻,李尤台,爱人,歪门邪道,2,2019-03,"三回起念动一，梦水桥绿。
开遍透明迎他，腰滚荤坡。
举手示意扑闪，虚温晃饱。
高楼风雨斯文，恬不知耻。
眼的云端，你挠肚子醒猫。
说一听二，截止附赠转发。
探房三顿，解衣与风徘徊。"
tangzongzheng_poem_091,含风鸭绿,李尤台,爱人,歪门邪道,3,2019-04,"以身轻炼燕子，快乐桑拿。
上火进补斑斓，用满消除。
涵泳修羽拦郁，含风鸭绿。
峥嵘养性仰俯，身散马蹄。
马虎锻炼，绕轨伊在抠暗。
打扰观望，伊再见再朦胧。
腰宜多叶，摇风一落万坑。"
tangzongzheng_poem_092,年少如花,李尤台,爱人,歪门邪道,4,2019-04,"迁就门窗盛开，炙烤的门窗
退步到也不觉得多热。难处也退步到懂了吧
合适如同没辙。卧室里、图书馆的桌面
捂着身体在望我。观看作用混淆又混
进什么呢。 当我发作感想，其实借机偶痛
你能理解我我们相同。心绪饱受着随机挠扰
卧室里、图书馆的桌面，当我发作感想
无不陷身于人群无数的泥沼。厌倦
结晶有厌倦们可怕的默契。拿走的东西还回来已不是。
我出门换地方应付自己，我们在武汉长江二桥
在橘子洲头讨论麻烦。麻烦定义饱满
你却像政客常常能发出简劲，当时左右张跳
我显得没耐性。我无聊的，受困偶然匮乏
我应付没能亮出我没有的牌而你可以，敷衍了
周遭成连在一起的牌浪。爱令你泳意表达太多人。
使你也能在地铁站分辨虚幻。我们在地铁站
找换乘路线，我们往广场赶着忽然下雨
暴雨打在地上的树枝顷刻烂成积水......
我不知道一时的昏疼该倒向虚实之间哪一边。
我昏昏走着地方已换出去三两条校园小路我碰见
不熟的同学点头是问好，有几个也错过。
拼命难记起细节，我还在雨中，雨下着我们
每个人都是一种秩序。你依然在假想中
把握宣泄吗，顺遂街头的不利因素借力布局
你想返身下雨前阡陌错合独有的慌乱气氛
在后悔中感到近，紧张的快乐里感到远
你抓什么都滑。而我充满承受干预的热情了，
在新街口、有时是国年路向北回去，
我看见雨水中远远的灯光几乎衔住了你。
你身后是滂沱开怀的屋檐。避在下面的人吮吸、
呛到，真好，张开的白雾弱又急剧。
我避进去过。我也轻快地弹烟；越来越亮、更亮
亮光连着白雾互涉，似乎都很有扩张的
渴求，连着，与我浑身的急剧都还经得起分散。
我可以从这烟头上一跃而起回到校园树荫的走廊。
这烟头上急剧的灰噔一声箭般射出
急剧因为捺过太久弯曲。使紧揣着的通通贬值
看护的不翼而飞。使我站在原地开始解
浑身又仿佛树荫碎在走廊上，衣物顺着头发胳膊
挂下来......所有的街头在吞掉所有你
所有的。你容忍我像过时、没鸽子的广场陷
着赤诚的寂静。我说过，或许却没有
我见到你就知道你一定容忍我。我猜错吧"
tangzongzheng_poem_093,汉高皇帝,李尤台,爱人,歪门邪道,5,2018-10,"美女来了，我趁她不注意时
占她的便宜。
美好时光啊，我警惕地
摸准一个人不警惕的那几秒钟
还忍受鸟疯了似地撞击着屋顶......如豪饮炽烈
使我为你加倍盘旋。还忍住江心一万条孤船固守不动
......而雪落着。那纷纷扬扬、脆弱而兴奋的雪
持久地向我交出灿烂，以掩盖旧的、速朽而难耐的灿烂
......雪在我手掌持久地堆着三道红印。"
tangzongzheng_poem_094,芒芒云朵,李尤台,爱人,歪门邪道,6,2019-02,"——xz
“生梨，让宇宙更精彩。”（君子《君子曰过》）
1.
好看，
而且好喝。我吸着它
每次幸福，总忘记恨晚。每次，幸福敏捷地膨胀、清除，如同
千里马与伯乐各自电卷风驰，择一处无障碍电梯下去。他们在各自的安
检口耽搁一分钟。
2.
无水之国，只好行车
优雅的短途交通
不能累了身子，要野餐
也要企鹅。我们这套
美德制度所需求的
文本存盘量很大。
我们派一个孟获去。
我们很喜欢看
失败的尝试变拥挤
年轻时走在路上突然
一个投篮的动作
回到这硬盘。它满了
它自己更迟钝、更空虚
一切都在使我们快乐。
3.
什么时候，都不能把礼
短了。因快乐我奇情满腹
飘飘欲毁。只一瞬间
就学会片面地理解
从瓶盖口扑向我的泡沫
如何缠我，如何在我
失去知觉的面容上
循循善诱，一长串脚印
如何又促销，又滞销
又丝袜，又透肉
一路顺风，破解自身的秘密
把失信的句子从他人身上
再信仰回来。为什么
又牺牲，又便宜
过度开发的意义，使影子
失去底线。又摇曳，又荒芜
修正复修正，膨胀的良知。
4.
“你要不要
戴上狗环，自己走一会儿？”
猜谜时，每个人紧张不已
我们都在等。头皮小痒
感悟，的松动。
5.
她，和她的牛奶
我看见：反复露头的两个
似乎急着寻找掩体。
色调绝艳在活跃的女性脸上
太暴露了。压向我
屋顶像一捆水肿的干柴
锋利的裙屑，我在下。
（于是在文学社里
我们倡导：
让女人流动起来。
可获取性是一种流动的功能
不发臭是另一种。）
6.
当你准备好了，师傅
就出现。为眼前
的烂事爆发出混乱的歉意
“师傅，我太胖了
我无法支撑住自己。”
你其实心里在想：
“我一姑娘家，
就是好动感情嘛。”
你开始上升，滑过
黏着自己鼻涕的楼梯扶手。
你到另一位师傅的面前
像一个小孩那样
接受同情。
十分钟前你费力地吸吮
奶茶的椰果、布丁、珍珠
各式各样的染色体加速分裂
各式各样的真感情成熟壮大
7.
剩下的，让他们内疚。
我们接下来只讨论
切出来的这一小块黑夜。
集装箱厂跑出的货车常常
像头颅内满屏的弹幕
在地表发明星星。
这自然，仍是丰与歉的
自然间隙中。知县们
尚在苦心付诗集
印刷多多益善，要来赞助
正反精装。杯中渐渐
烂掉的冰激凌如同
四出猎色之豪绅
或寡妇后门，待兔一缠夫。
她们有时确能守住贞操，
饮品里面，看见父母妻子
网红款保守乡土。衙门宣传
好女不出户，不懈纺织
可尤要依赖城镇市场
才可以卖，并按件计价。
而不止于贸易壁垒，其实
大国的知识更分布不均。
吸管另一头要么过淡，
要么才华堵塞容易撑坏
嗓子。于是想起小张
曾告诉我：“热的食物
顺着喉咙滚落的时候
会很舒服。”我将之概括为
盈虚相换相苟且。类似于
柔软的窗户竟可以被风
吹得变形。那些凹进去的
残响这时就互相打量着，
他们对于自己的美第一次
感到狂喜。爆发出
贯通的能量使许多典故
溶解了。它们充分地泄露
在公司茶水间、工厂
传达室、中学的女厕所
像一气呵成的烽火台
黑烟大串联，臭味人相投
从此困顿于无法更快乐
八卦不可再大卸成八百卦
那一脉关公千里送嫂
而恨《春秋》太短。
大乐人伦之巅峰，成为
遇人必抒的润滑油。
我们在最快乐时发生如下
对话：“如果你真正体会到
一件事情的舒服，那一定
只有一次。之后的数次
只是为了对那一次的模仿。
（更精确地讲是为了
对那一次之后的失落的
模仿。那样干净的失落）
而那一次之前的浑然不觉
是不能模仿的，连惊喜
都是冒犯，全部都是
一直都是。之后要么再也
不做要么每一次都是
我们，在消磨那个幽灵。
喜欢消磨而不满足，
就又消磨。这样子爱上
失落的快感、隐隐想玷污
它的快感。”我说。我
接着说：“而凡是有微妙
的伤害就有微妙的容忍，
甚至泌出微妙的感激。
比如推销员享有一种熟练的
失败，与恨。这熟练造就
精简、干脆，使这感觉
在时间的操练下稳固起来。”
“很多次我想要礼貌矜持的
可是你开始说话。你说了
二三十秒我就会受不了。
我就会爱你，很爱
很爱你。”然后你问我
这样的瞬间被摧毁了吗？
或许还在。我想。我看向
枝条的后面，过于浓密所在
使我已不敢再被引渡回去
有时我身体，也会忽然
遭受强迫的稀释。
那么多赫赫有功变成是
奖赏你心灵住着一个
赶不走的孟获。
被削弱了七次的孟获。
你善于伸缩的瞳孔接着
运行关切：“你那里附近
有可以散步的风景吗？”
你说得这样子可爱，像是
有暖和的物品一下贴住
我的肚子。让我愿意
立刻停下来（我真的
就停下了，我甚至想在
这里结束所有的句子。）
“我感觉你在玩弄我
抗争时焦虑的样子。”
喘气。如果再休息一会儿
首先要再找一个休息
的地方。坐处不可马虎，
眼前桌面要把书一直
开在最喜欢的一页。
也要承认有不能完美的
地方：包括奶茶款式
与坐在我对面是谁
确实都是我选的。不代表
我喜欢。我靠你现在
低眉浅笑你浑身一膀子
低能的美丽摄住我了。
我问你，你不赶时间吧？
我要换胶卷。我想
记录你此刻请你憋住
不要乱了表情。我提醒你
电视剧战事未及崩溃，
不可提前剖腹呐。你的脸
这时迅速掉下一个极惨
的黄昏，迫切地你在脸上
调色块调饱和度如同
婴儿被放在地上时迫切
往前冲的那一记。
让看客们满肚子欢喜。
没错，你回答我，是的，
你在等人。而且
我看见你等的人已经来了。
他坐的运煤车陷在土里，
我们如果，赶忙拿着铲子
过去，他出发时大大小小的
期待就没有被辜负的可能。
我当然不乐意着急地
把他挖出他活该的限制中
挖进我的抒情时间给我
添堵（不能忘记，是
一种才华在不均匀地堵塞）
我现在跟你一起进行
最后的回忆。我说，
我们最佳状态下某次
隔街看见对方。你提着
水果袋子，我在抽烟。
那个红灯好他妈的长我们
对视而笑可接下来就不知道
该在眼神里换什么花样了。
你该记得吧，我弯腰把烟灭在
跟前的窨井盖的方形小孔里。
我流下了不甘心的泪水。
你记得的！（我悲哀地发觉
这点儿水污染了桌面上书本
我最喜欢的那页。）后来
我们就一起走到路的中央
你掏出送给我一只美梨
什么时候吃梨？饱时
还是饿时还是两顿正餐的
中间点我当时突发奇想
缠住你问。我对你说
就是那时我开始恶心你
——既然是绿灯，我们不能
在马路上逗留得从容些吗。
你善于伸缩的瞳孔加紧
劳动起来，我祈祷你的确
是想进行某种忏悔的。
你像刚从一场雨天回来，
丝袜上有黏住、加深的水珠。
而此刻情况对我来说则是：
如果阴茎上的手掌往左微转，
然后我就会，获得感觉。
没让给兄长胞弟们的雪梨
怎么就化在了我手里？
必须接受，包括你肚子里
发育的小孩和大人，每一步
混乱的拼贴都算落子无悔。
如何充满想象力地清除"
tangzongzheng_poem_095,与大地诗人谈论江山之助,李尤台,爱人,儒家,1,2018-08,"1.
撸管，像做皇帝。
皇帝的阴茎化水变山，
用皇帝的右掌隔着。
山在里面渐高皇帝渐远。
皇帝做着他的皇帝时有偏离之乐。

2.
我构思
一种碎片式的自慰。
裤裆里出现
随机的手，
随机分配的愉悦。
我会若无其事
把手拿出来。
放进去又拿出来。
走走又停停
即时幻灭的江山。"
tangzongzheng_poem_096,在杨世海办公室外面口占,李尤台,爱人,儒家,2,2019-02,"站到雨水的漩涡中去。
雨大，我的室友，他还是
得出去。给我滚出去。
因为我要撸管了。
既然 tang 不住风浪更大，
每个人总要会一点
退而求其次的真功夫。

君子说
起初，导演让我们
看他拍的火。
在燃烧中推动自己
然后把自己
排泄成一股尾气。
火毁灭了。
这鸡巴导演
则
收获一段光热的 gif
在我这个观众
的镜框之中。
一坨坨吵架的像素块
一坨坨介质
之中
光流失自己。
导演即是要捕捉这个
导演宣称说这
即是导演的屎命。
人的镜头
就是人的龟头
用他
撸管的手
在抖。
抖抖出艺术
或曰某某不经抖
君子说:
“干。”
君子正坐我边上与我
一同看着。
君子尖锐地指出
导演的龟头
即是此艺术与
我们的
瞪大的
充血的"
tangzongzheng_poem_097,君子说,李尤台,爱人,儒家,3,2019-02,"起初，导演让我们
看他拍的火。
在燃烧中推动自己
然后把自己
排泄成一股尾气。
火毁灭了。
这鸡巴导演
则
收获一段光热的 gif
在我这个观众
的镜框之中。
一坨坨吵架的像素块
一坨坨介质
之中
光流失自己。
导演即是要捕捉这个
导演宣称说这
即是导演的屎命。
人的镜头
就是人的龟头
用他
撸管的手
在抖。
抖抖出艺术
或曰某某不经抖
君子说:
“干。”
君子正坐我边上与我
一同看着。
君子尖锐地指出
导演的龟头
即是此艺术与
我们的
瞪大的
充血的"
tangzongzheng_poem_098,嫩果,李尤台,爱人,儒家,4,2018-10,"下午让我感到压力
变幻与滴垂
东窗间百世穿梭
大屌的尖嘴弧模棱两可
恪守住随机性
疲于相亲的骑士
梦想作奸犯科
有朝一日嫖到失联
我早早下定决心
我犯罪不给你们
任何
准备共鸣的机会
上了电车
手指就延伸
就感觉象鼻子
反过来
勾住我
用身体款待我
我们之间肉体一遍遍压制
过一会儿又
不可思议地淡去
大屌大不了
我一废物
每次便这样
黏糊糊榨出一点灵魂
作为余味
我索要那一些余味的秘密
是隔在我与窗户间
无限的巨人
急公好义的小斗士
长大
越来越壮实
练憋尿的苦功夫
然后素色的全部岁月
过去
年轻人和女孩约会时
一路踢着石子
石子一路在鞋里
雕琢他
鲜嫩的灰沾上了也滚动
粗糙地闪亮
关于爱她
我确实只有些琐碎的资格
做琐碎的事情
越来越无聊
整个下午我不想她
我在
等我借的 u 盘
安全弹出
说不上有多惬意
小穴老师吉沢明步
好家伙谢谢您
抹了这厮床单一大块
贤者如闲士于是
终于也能闲了它一阵
看上周买的香蕉
烂成了水
白云千载空悠悠
我撸管的手"
tangzongzheng_poem_099,烟缕翻卷舌头,李尤台,爱人,儒家,5,2019-02,"服务员！递来了餐盘。她的手！落下来。我点到！她的手指。
我手指蹭到她手指的那部分暖暖的……红，落下来落落暧昧
兄弟，我们心怀意淫喝点儿酒，我们讨论成仿吾和张存己"